id,nombre,correo,rol,salt,hash
1,ola,ola@.com,mentor,jYlKteuxs8JUR8JISDG76Q==,43040e2be4abed73bb33565872dd16ef628b8e2fc151b9f2be230efe0abfd528
2,ola1,ola@jn,participante,dGpldXguJr/LEwnfBu5x7A==,9154ff080dc66898811573172ab5f84aacb07a8cab94bb3bc8ba72637520abce
3,or,or,organizador,mds9wfE/B+1wG3ZHUujFNw==,b34bf08cf44b7e0b67f2bd134636e76b487314c53509c89266d2beb99dc20b8a
4,ola2,ola,participante,kccUYuEd/YOEDIcwyBzSgw==,0394eb5b50d99a78a4299f005e3e1075b2dd454d96537963dae41db150b0a710
5,yeimy,yd@gmail.com,participante,GsG/W9xP1AFHpWtcC8GWMg==,92668aca746d19dd06be8c544f62f79bbd4d82e8003daa5059f351bdafd8025f
6,michael,ma@gmail.com,participante,Rsh0ivKfCi1mTu8r+AY0hQ==,18aefefc90a4b4c909924b9305c1b7aa9dafa25e7daf2281ebffa813233ea71d
7,maicol,nose,organizador,yXgPd8+bPAMgpR4FEeypNA==,3e904bfd53aad8a015c68adee1619c08e5ba9809e037f5bdb505fa87b23a87a7
8,Dani,dani@gmail.com,participante,cnKZd3MRLkTaug1v9kr9hA==,3ba6b889dca38e4ed31646867d779adfd3fb8fc21a0f094056e87050731fce03
9,dani,daniela@gmail.com,mentor,6VaIad3myeXtzJFUrkFeXQ==,3fa924ca1d1040bcd9624b0f2a0c20fb2d43dddc7d45d6713b67e68ad3533341
